,X,Y,Y_hat,MAE,MSE
0,0,0,0.08499215921361053,0.2578287700026611,0.15293960662662334
1,1,2,2.064749951204254,0.2578287700026611,0.15293960662662334
2,2,4,4.669185061838765,0.2578287700026611,0.15293960662662334
3,3,6,6.0091196870925225,0.2578287700026611,0.15293960662662334
4,4,8,7.956687776865814,0.2578287700026611,0.15293960662662334
5,5,10,10.675613537532628,0.2578287700026611,0.15293960662662334
